1489.0,1558.0,784.0,2868.0,1485.5,2143.5,773.0,893.0,0,0,0,0
1488.0,1558.0,786.0,2864.0,1483.0,2142.5,766.0,907.0,0,0,0,0
1489.5,1558.0,787.0,2868.0,1485.0,2144.0,768.0,908.0,0,0,0,0
1500.0,1559.5,784.0,2865.0,1497.5,2143.5,771.0,907.0,0,0,0,0
1517.0,1553.5,794.0,2871.0,1515.5,2143.5,777.0,915.0,0,0,0,0
1526.5,1552.0,799.0,2870.0,1526.0,2145.5,780.0,921.0,0,0,0,0
1528.0,1552.5,798.0,2869.0,1528.0,2144.5,788.0,929.0,0,0,0,0
1516.5,1553.5,801.0,2873.0,1515.5,2143.0,779.0,926.0,0,0,0,0
1510.0,1556.0,800.0,2868.0,1511.0,2144.0,784.0,926.0,0,0,0,0
1510.5,1557.0,797.0,2866.0,1510.0,2146.5,780.0,923.0,0,0,0,0
1512.5,1555.5,799.0,2869.0,1511.0,2147.5,782.0,925.0,0,0,0,0
1517.5,1550.5,801.0,2879.0,1514.5,2148.0,787.0,926.0,0,0,0,0
1516.0,1548.5,796.0,2883.0,1512.5,2147.0,777.0,926.0,0,0,0,0
1515.0,1551.5,800.0,2877.0,1511.5,2147.5,783.0,925.0,0,0,0,0
1520.0,1550.5,800.0,2875.0,1515.0,2149.0,788.0,926.0,0,0,0,0
1518.0,1550.0,800.0,2880.0,1513.5,2150.5,787.0,931.0,0,0,0,0
1516.0,1550.0,804.0,2882.0,1513.0,2151.0,792.0,932.0,0,0,0,0
1517.0,1550.5,802.0,2879.0,1514.5,2152.5,791.0,933.0,0,0,0,0
1516.0,1548.5,806.0,2881.0,1513.0,2154.5,790.0,935.0,0,0,0,0
1515.5,1547.5,805.0,2883.0,1511.5,2154.5,791.0,937.0,0,0,0,0
1510.0,1548.5,802.0,2883.0,1508.0,2152.5,786.0,929.0,0,0,0,0
1505.0,1550.0,796.0,2882.0,1505.0,2149.5,782.0,923.0,0,0,0,0
1502.5,1551.5,797.0,2885.0,1502.5,2147.5,789.0,917.0,0,0,0,0
1505.0,1549.5,796.0,2889.0,1506.5,2146.0,785.0,916.0,0,0,0,0
1505.5,1552.5,793.0,2883.0,1506.0,2146.0,782.0,912.0,0,0,0,0
1505.0,1551.5,798.0,2889.0,1506.0,2149.0,780.0,916.0,0,0,0,0
1505.0,1551.5,796.0,2887.0,1504.5,2147.5,779.0,913.0,0,0,0,0
1504.0,1550.0,798.0,2888.0,1504.5,2146.0,779.0,910.0,0,0,0,0
1502.0,1550.0,798.0,2888.0,1503.5,2144.5,781.0,911.0,0,0,0,0
1503.0,1548.0,800.0,2892.0,1505.0,2144.5,782.0,905.0,0,0,0,0
1509.5,1543.5,803.0,2895.0,1510.0,2145.5,786.0,913.0,0,0,0,0
1507.5,1545.5,799.0,2891.0,1505.5,2144.5,785.0,911.0,0,0,0,0
1498.5,1545.5,799.0,2893.0,1497.5,2144.5,787.0,905.0,0,0,0,0
1490.5,1546.0,801.0,2890.0,1490.5,2147.0,789.0,910.0,0,0,0,0
1488.5,1545.5,801.0,2893.0,1490.0,2144.5,790.0,897.0,0,0,0,0
1484.0,1547.5,804.0,2891.0,1486.0,2144.5,790.0,903.0,0,0,0,0
1487.0,1547.0,798.0,2896.0,1487.5,2143.5,785.0,895.0,0,0,0,0
1489.0,1547.5,794.0,2895.0,1487.5,2144.0,785.0,896.0,0,0,0,0
1483.0,1547.0,806.0,2892.0,1484.5,2145.0,791.0,898.0,0,0,0,0
1486.0,1545.0,802.0,2896.0,1488.5,2148.0,791.0,900.0,0,0,0,0
1487.0,1547.5,810.0,2891.0,1491.0,2148.5,798.0,899.0,0,0,0,0
1487.0,1543.5,810.0,2897.0,1489.5,2148.5,797.0,899.0,0,0,0,0
1493.0,1544.0,808.0,2894.0,1495.5,2149.5,795.0,899.0,0,0,0,0
1496.5,1546.0,807.0,2892.0,1498.5,2148.0,789.0,900.0,0,0,0,0
1501.0,1545.5,804.0,2893.0,1501.0,2148.0,788.0,902.0,0,0,0,0
1498.5,1544.0,803.0,2896.0,1499.5,2149.0,785.0,902.0,0,0,0,0
1509.0,1542.0,802.0,2894.0,1508.5,2148.5,781.0,903.0,0,0,0,0
1512.5,1543.5,807.0,2891.0,1512.5,2149.0,781.0,902.0,0,0,0,0
1514.0,1546.0,802.0,2890.0,1512.5,2148.0,781.0,906.0,0,0,0,0
1511.5,1546.0,791.0,2890.0,1510.0,2149.0,778.0,906.0,0,0,0,0
1513.0,1549.0,796.0,2884.0,1509.5,2148.5,773.0,899.0,0,0,0,0
1511.0,1547.5,798.0,2889.0,1508.0,2146.0,774.0,902.0,0,0,0,0
1507.0,1548.5,796.0,2891.0,1506.0,2146.5,774.0,901.0,0,0,0,0
1504.0,1548.0,794.0,2892.0,1502.0,2147.0,778.0,900.0,0,0,0,0
1499.5,1548.5,789.0,2895.0,1498.0,2149.0,780.0,900.0,0,0,0,0
1501.5,1547.0,791.0,2894.0,1500.0,2146.0,782.0,900.0,0,0,0,0
1503.5,1547.5,791.0,2893.0,1503.0,2147.5,780.0,897.0,0,0,0,0
1502.0,1549.0,792.0,2888.0,1501.0,2147.5,780.0,899.0,0,0,0,0
1504.0,1548.5,796.0,2889.0,1505.0,2147.0,782.0,904.0,0,0,0,0
1508.5,1547.0,799.0,2890.0,1507.5,2149.0,781.0,904.0,0,0,0,0
1509.0,1547.0,800.0,2890.0,1506.5,2150.0,787.0,900.0,0,0,0,0
1498.0,1546.0,796.0,2892.0,1496.5,2148.5,785.0,901.0,0,0,0,0
1494.5,1545.5,791.0,2893.0,1495.5,2147.5,783.0,901.0,0,0,0,0
1494.0,1544.5,792.0,2893.0,1496.5,2149.5,785.0,901.0,0,0,0,0
1493.5,1550.5,791.0,2887.0,1496.0,2149.0,782.0,906.0,0,0,0,0
1493.5,1552.0,791.0,2884.0,1495.0,2149.5,780.0,909.0,0,0,0,0
1495.5,1553.0,789.0,2882.0,1495.5,2146.5,779.0,905.0,0,0,0,0
1504.0,1553.0,790.0,2880.0,1502.0,2144.5,776.0,899.0,0,0,0,0
1508.0,1551.5,796.0,2881.0,1508.5,2146.5,783.0,909.0,0,0,0,0
1510.5,1547.5,791.0,2887.0,1509.5,2147.0,781.0,902.0,0,0,0,0
1511.0,1549.5,790.0,2885.0,1511.5,2147.5,777.0,911.0,0,0,0,0
1505.0,1547.5,794.0,2891.0,1506.0,2147.0,778.0,912.0,0,0,0,0
1511.5,1546.5,789.0,2893.0,1511.5,2147.0,777.0,912.0,0,0,0,0
1512.5,1547.5,791.0,2893.0,1512.5,2146.5,775.0,911.0,0,0,0,0
1512.0,1547.5,792.0,2893.0,1511.5,2148.0,777.0,904.0,0,0,0,0
1513.5,1547.5,793.0,2891.0,1512.0,2148.5,778.0,907.0,0,0,0,0
1513.5,1547.0,795.0,2890.0,1513.0,2148.0,780.0,904.0,0,0,0,0
1516.5,1548.5,797.0,2889.0,1514.5,2147.0,783.0,904.0,0,0,0,0
1519.5,1545.5,795.0,2891.0,1517.0,2148.5,784.0,907.0,0,0,0,0
1522.5,1547.5,795.0,2887.0,1520.5,2149.5,781.0,905.0,0,0,0,0
1522.5,1546.5,793.0,2887.0,1521.5,2148.0,775.0,910.0,0,0,0,0
1525.0,1546.0,792.0,2886.0,1523.5,2149.0,777.0,910.0,0,0,0,0
1524.0,1549.5,792.0,2881.0,1520.5,2150.5,777.0,909.0,0,0,0,0
1525.0,1549.5,794.0,2881.0,1522.0,2149.0,776.0,910.0,0,0,0,0
1523.5,1550.0,793.0,2882.0,1520.5,2150.0,773.0,910.0,0,0,0,0
1524.5,1549.5,795.0,2881.0,1521.0,2149.5,776.0,911.0,0,0,0,0
1524.5,1548.5,797.0,2881.0,1521.0,2152.5,776.0,911.0,0,0,0,0
1524.0,1548.5,796.0,2881.0,1520.5,2154.0,777.0,916.0,0,0,0,0
1523.5,1554.0,797.0,2874.0,1519.0,2155.5,778.0,919.0,0,0,0,0
1531.0,1553.0,792.0,2878.0,1528.0,2155.0,774.0,924.0,0,0,0,0
1544.0,1547.5,794.0,2889.0,1540.0,2153.0,776.0,924.0,0,0,0,0
1489.0,1557.5,794.0,2871.0,1484.5,2152.5,775.0,921.0,0,0,0,0
1501.5,1558.0,793.0,2866.0,1500.5,2148.0,777.0,922.0,0,0,0,0
1505.5,1551.0,799.0,2878.0,1504.5,2146.5,783.0,931.0,0,0,0,0
1511.0,1552.5,804.0,2877.0,1510.0,2149.5,782.0,929.0,0,0,0,0
1511.0,1555.5,804.0,2871.0,1510.0,2147.5,790.0,935.0,0,0,0,0
1504.5,1556.5,799.0,2871.0,1504.0,2147.5,788.0,931.0,0,0,0,0
1513.0,1556.5,804.0,2871.0,1511.5,2149.0,785.0,926.0,0,0,0,0
1512.0,1557.5,802.0,2871.0,1510.5,2147.5,783.0,925.0,0,0,0,0
1525.5,1556.5,799.0,2865.0,1521.5,2148.0,785.0,922.0,0,0,0,0
